ranking,kills,,,,,,,,,,,,,,,,,,,,,,,,,,,,,,
2,5,2,9569,3676,7956,1,0,0,1,0,0,0,7627,0,0,0,0,0,11087,0,13388,5516,0,112,9,27,0,7,1,0,1048
4,4,7,7249,376,7782,3,0,1,0,1,0,0,7025,0,0,0,0,0,7515,63,14012,7243,0,5,8,38,0,10,1,1,1048
1,12,3,8122,2685,2685,2,2,0,0,0,0,0,9556,0,0,0,0,0,15540,0,9260,118,0,94,13,43,0,22,1,2,1048
3,4,6,6468,5696,5696,1,0,0,0,0,0,0,7734,0,0,0,0,0,7824,0,3921,826,272,131,9,30,0,9,1,3,1048
5,2,6,5031,1027,1484,3,0,0,0,0,0,0,5456,0,0,0,0,0,2700,484,5629,0,0,30,14,58,0,28,1,4,1048
5,1,1,10663,1694,1694,7,0,0,0,0,0,0,7395,0,0,0,0,0,7123,0,25229,4061,0,116,3,244,0,24,0,0,1614
1,6,6,12314,800,20814,2,0,0,0,0,0,0,11071,0,0,0,0,0,18662,0,38035,18491,970,32,68,86,0,29,0,1,1614
2,7,3,11177,0,0,8,0,0,0,0,0,0,10547,0,0,0,0,0,19251,0,20590,922,0,146,24,211,0,23,0,2,1614
3,2,4,10860,3260,5722,5,0,0,0,0,0,0,8448,0,0,0,0,0,17540,0,30610,10692,0,145,15,124,0,11,0,3,1614
4,1,7,7492,0,871,7,0,0,0,0,0,0,6597,0,0,0,0,0,15161,0,17116,1409,464,29,19,144,0,67,0,4,1614
4,7,5,15144,5088,9752,8,1,0,0,0,0,0,14345,0,0,0,0,0,18127,0,29318,9248,0,164,27,253,0,42,1,0,1946
5,8,4,12622,1794,15566,8,1,1,0,0,0,0,12255,1,0,0,0,0,11433,279,31588,11290,0,29,7,230,0,26,1,1,1946
2,10,9,15894,2119,2119,6,1,0,0,1,0,0,13123,2,0,0,0,0,29428,0,33065,7833,0,176,42,243,0,31,1,2,1946
1,10,11,13674,3832,8108,4,1,1,0,0,0,0,13059,1,0,0,0,0,30476,0,21691,2986,0,168,47,112,1,19,1,3,1946
3,5,12,12344,6377,11870,6,0,0,0,0,0,0,10240,1,0,0,0,0,16999,0,15977,3277,464,40,22,140,0,51,1,4,1946
1,15,6,18967,12059,40090,2,1,0,0,0,0,1,19653,1,1,0,0,0,42155,0,22637,8150,0,219,13,98,0,25,1,0,1914
5,9,6,20312,1794,64029,2,1,4,0,0,0,0,15087,2,1,0,0,0,20555,0,31281,20356,0,77,18,41,0,31,1,1,1914
4,4,9,14864,2302,6420,9,0,0,0,0,0,0,12905,1,0,0,0,0,25090,0,28129,3386,0,160,26,296,0,23,1,2,1914
2,4,2,13003,2582,6402,5,0,0,0,0,0,0,11205,2,0,0,0,0,29389,0,37009,17266,0,192,34,140,0,15,1,3,1914
3,1,10,10133,985,6299,7,0,0,0,0,0,0,8512,2,1,0,0,0,18012,4964,19478,13737,9956,28,47,192,0,72,1,4,1914
3,6,9,16679,6006,15732,5,0,1,0,0,0,0,13222,1,0,0,0,0,25695,0,23081,7807,0,233,11,95,0,33,1,0,1840
1,7,14,14463,121,13665,5,0,2,0,0,0,0,12457,1,0,0,0,0,18168,0,28304,13518,0,25,42,134,0,6,1,1,1840
4,9,7,16926,3164,4298,10,1,0,0,0,0,0,13583,0,0,0,0,0,26596,0,28517,2467,0,185,26,349,0,22,1,2,1840
2,11,12,13819,4883,11879,3,1,0,0,0,0,0,13353,1,0,0,0,0,23139,0,11332,2483,0,199,45,81,0,37,1,3,1840
5,3,16,11254,988,4780,4,0,0,0,0,0,0,9091,1,0,0,0,0,20223,0,13851,2768,319,24,21,94,0,53,1,4,1840
5,4,2,10863,2022,3260,2,0,0,0,1,0,0,7448,0,0,0,0,0,10086,0,16963,2165,0,119,2,53,0,19,1,0,1293
1,9,3,11750,0,48455,3,1,2,0,0,0,0,10424,0,0,0,0,0,10001,0,20036,9409,0,29,4,58,0,21,1,1,1293
2,10,5,13225,3468,5709,2,2,0,0,0,0,1,11585,0,0,0,0,0,15532,0,13364,1083,0,168,13,73,0,20,1,2,1293
4,7,5,7933,3133,6454,1,2,0,0,0,0,0,8576,0,0,0,0,0,15121,0,22509,8831,0,141,19,14,0,9,1,3,1293
3,1,13,8029,300,877,0,0,0,0,0,0,0,6121,0,0,0,0,0,8524,4228,5485,10426,8166,6,17,0,0,23,1,4,1293
3,5,9,20976,4638,16892,2,1,1,0,0,0,0,14137,0,0,0,0,0,21873,0,52354,14899,0,220,98,70,0,22,1,0,2210
4,9,16,18373,895,35678,9,1,1,0,0,0,0,15460,0,0,0,0,0,30858,0,37813,18722,4469,19,16,285,0,30,1,1,2210
2,17,4,21755,1298,10886,10,1,1,0,1,0,0,17665,0,0,0,0,0,43278,0,33512,1255,0,224,28,393,0,22,1,2,2210
1,15,12,20763,2505,12021,7,2,0,0,0,0,0,17541,0,0,0,0,0,36771,0,40128,12693,0,226,28,224,0,24,1,3,2210
5,3,11,14452,1704,8992,7,1,0,0,0,0,1,11165,0,0,0,0,0,20337,0,23766,2565,416,70,7,239,0,67,1,4,2210
3,9,13,14961,4621,11332,6,2,0,0,0,0,0,13153,1,1,0,0,0,28644,0,39260,37518,0,145,8,174,0,10,1,0,1750
5,8,3,14426,640,45299,3,0,3,0,0,0,0,11190,0,0,0,0,0,11327,0,29821,16659,0,18,6,98,0,25,1,1,1750
2,13,7,17672,13859,21486,4,1,1,0,0,0,0,15610,1,0,0,0,0,25477,0,18556,1566,0,191,24,91,0,14,1,2,1750
1,18,6,13394,5911,11499,2,3,0,0,0,0,0,15313,0,0,0,0,0,29532,0,16937,2381,0,161,7,46,0,18,1,3,1750
4,4,9,10381,664,2681,8,0,0,0,0,0,0,8590,0,0,0,0,0,13115,0,23916,2280,0,53,18,233,0,29,1,4,1750
5,1,10,13688,982,982,6,0,0,0,1,0,0,8679,1,1,0,0,0,11553,0,19809,1386,0,136,35,159,0,14,1,0,1530
4,4,6,14011,0,38608,6,0,4,0,0,0,0,10924,0,0,0,0,0,12745,0,36273,15655,0,20,23,169,0,10,1,1,1530
1,16,3,15675,10579,11808,3,4,0,0,0,0,0,15135,1,1,0,0,0,26339,0,14993,1270,0,197,22,82,2,20,1,2,1530
2,8,9,12175,8632,25119,2,2,0,0,0,1,0,12873,1,1,0,0,0,16609,0,14843,4665,723,192,12,36,0,17,1,3,1530
3,3,8,9698,1412,9647,5,0,0,0,0,0,0,8633,0,0,0,0,0,15357,0,18331,4354,0,20,12,135,0,46,1,4,1530
3,6,7,15932,961,1778,5,1,0,0,0,0,0,12279,0,0,0,0,0,18921,0,29658,3143,0,203,67,174,0,20,0,0,1898
5,4,7,12181,0,3848,13,0,0,0,1,0,0,9949,0,0,0,0,0,12770,0,39530,12541,0,34,21,361,0,12,0,1,1898
1,17,4,15450,0,658,11,1,0,0,0,0,0,14591,0,0,0,0,0,33991,0,33695,1574,0,135,28,453,0,24,0,2,1898
4,6,3,12392,6528,9419,10,1,0,0,0,0,1,11424,0,0,0,0,0,15876,0,23686,2274,0,168,1,296,0,13,0,3,1898
2,14,11,11316,362,884,14,1,0,1,0,0,0,11798,0,0,0,0,0,32058,0,34991,7167,0,15,17,394,0,31,0,4,1898
1,10,5,13695,215,5692,14,1,0,0,0,0,0,12849,0,0,0,0,0,31488,0,35712,7167,0,168,6,429,0,9,0,0,1868
3,12,6,13738,0,23773,3,0,2,0,0,0,0,12547,0,0,0,0,0,14056,0,28551,11353,0,18,14,94,0,20,0,1,1868
4,6,7,14932,1165,3811,4,0,0,0,0,0,0,11033,0,0,0,0,0,19917,3698,19991,1934,0,184,18,128,0,27,0,2,1868
5,8,10,16375,2417,6106,9,0,0,0,0,0,0,12879,0,0,0,0,0,20187,0,28710,3379,0,163,11,258,0,14,0,3,1868
2,2,15,11220,3624,9957,8,0,0,0,0,0,0,10478,0,0,0,0,0,18337,0,21107,3738,0,54,20,175,0,59,0,4,1868
5,6,19,19214,1692,8832,11,0,0,0,0,0,0,14454,0,1,0,0,0,29753,0,42651,10733,0,147,11,389,0,42,1,0,2318
4,17,11,19043,2559,24257,8,2,1,0,0,0,0,16929,0,0,0,0,0,38865,0,47824,22843,0,17,12,284,0,10,1,1,2318
1,26,15,20920,2353,22402,12,2,1,0,1,0,0,21522,1,1,0,0,0,57986,0,40385,5553,0,203,11,434,0,17,1,2,2318
2,15,21,21297,6067,49289,5,3,1,0,0,0,0,19468,0,1,0,0,0,37160,0,32827,14339,0,226,13,178,0,30,1,3,2318
3,3,34,16205,821,2118,6,0,0,0,0,0,0,12141,0,1,0,0,0,22848,0,29174,8485,1623,45,93,217,0,77,1,4,2318
3,3,13,17478,4539,13660,6,0,0,0,0,0,0,12114,0,1,0,0,0,28761,0,45331,10391,0,138,30,219,0,39,1,0,2073
2,10,19,20417,47,26860,5,0,2,0,0,0,0,15790,0,0,0,0,0,30206,0,45489,23723,0,34,62,161,0,16,1,1,2073
1,19,9,20057,4926,35103,5,5,1,0,1,0,0,21037,1,1,0,0,0,52357,0,39158,16473,0,259,43,175,0,31,1,2,2073
4,3,12,14437,3207,3207,10,0,0,0,0,0,0,10556,1,1,0,0,0,17742,0,27549,3523,0,152,0,335,0,11,1,3,2073
5,4,8,11434,1493,6793,12,1,1,0,0,0,0,8930,1,0,0,0,0,13022,0,23976,1915,618,20,17,313,0,58,1,4,2073
4,12,8,22849,8562,17791,12,0,0,0,0,0,0,17547,1,0,0,0,0,46301,0,56836,11819,0,213,21,449,0,53,0,0,2428
3,9,11,18901,2830,43150,12,0,1,0,0,0,1,17816,1,0,0,0,0,27498,0,55133,20748,0,69,32,506,0,24,0,1,2428
1,19,7,21409,1802,10889,11,3,0,0,0,0,0,19125,1,0,0,0,0,47977,0,43435,4331,0,162,38,428,1,30,0,2,2428
2,3,7,17563,4494,8553,8,0,0,0,0,0,0,14249,0,0,0,0,0,37381,0,78478,18503,0,213,28,326,0,26,0,3,2428
5,6,7,13537,257,3806,15,0,0,0,0,0,0,11362,0,0,0,0,0,22820,0,37045,3927,1459,17,30,475,0,89,0,4,2428
4,5,8,19737,5533,30939,6,0,0,1,0,1,0,14682,0,0,0,0,0,29437,0,21019,1720,0,212,34,278,0,28,1,0,2163
2,8,16,22809,1615,42141,8,1,4,1,0,0,1,17383,1,1,1,0,0,23194,553,38491,16085,0,72,19,310,0,41,1,1,2163
5,3,8,17577,3088,7847,8,0,0,1,0,0,0,12003,2,0,0,0,0,14016,0,23063,446,0,177,5,330,0,31,1,2,2163
1,23,6,18115,8913,35652,8,5,0,0,1,0,0,19163,3,1,0,1,1,44655,0,36058,12147,580,168,13,327,1,19,1,3,2163
3,3,27,18964,2838,4072,5,0,0,1,0,0,0,13216,3,0,0,0,0,21018,0,33205,11201,3135,82,84,188,0,73,1,4,2163
1,7,5,15638,4769,12823,7,1,0,0,0,0,0,12736,0,0,0,0,0,36203,0,36703,11950,0,206,14,275,1,14,0,0,1915
3,4,23,12600,1810,13153,9,0,0,0,0,0,0,12013,0,0,0,0,0,17053,0,35650,9952,0,33,26,336,0,16,0,1,1915
4,4,7,12855,590,1385,7,0,0,0,0,0,0,9633,0,0,0,0,0,19314,2399,17003,520,0,158,36,246,0,26,0,2,1915
2,11,9,12661,5745,7020,8,3,0,0,0,0,0,14077,0,0,0,0,0,33640,0,24129,5592,890,171,9,221,0,29,0,3,1915
5,1,13,10329,750,1034,13,0,0,0,0,0,0,7408,0,0,0,0,0,8196,320,25866,199,0,31,54,294,0,47,0,4,1915
1,11,11,22801,2969,4210,7,2,0,0,1,0,0,17616,0,0,0,0,0,44189,0,63674,34557,5670,258,24,316,0,28,0,0,2317
3,6,11,19076,629,57991,9,0,3,0,0,0,0,14264,0,0,1,0,0,19909,0,54317,19922,0,44,234,359,0,31,0,1,2317
2,12,9,21728,2714,15103,5,3,0,0,0,0,0,18129,0,0,0,0,0,36689,0,28459,2767,0,249,16,209,1,26,0,2,2317
4,4,12,17871,5847,30633,8,0,1,0,0,0,0,13799,0,0,0,0,0,14556,0,27427,8571,1040,198,2,231,0,20,0,3,2317
5,2,13,16949,117,5681,16,0,0,0,0,0,0,11124,0,0,0,0,0,19764,0,47206,8570,0,82,41,495,0,65,0,4,2317
3,4,6,16440,2228,11570,7,0,0,1,0,0,0,11199,0,0,0,0,0,23241,0,42246,14130,330,193,16,225,0,21,0,0,1939
5,3,5,13081,477,18590,7,0,2,0,1,0,0,10458,0,0,0,0,0,12995,0,34692,16861,0,25,25,207,0,27,0,1,1939
1,9,5,16221,2619,14144,7,1,0,0,0,0,0,13087,0,0,0,0,0,27962,0,20087,2159,0,179,25,224,0,20,0,2,1939
4,6,4,13723,4613,9976,10,1,0,0,0,0,0,13137,0,0,0,0,0,16435,0,21989,5669,0,214,2,287,0,21,0,3,1939
2,10,7,13635,1548,2245,8,2,0,0,0,0,0,12337,0,0,0,0,0,23120,0,19954,182,0,33,36,278,1,26,0,4,1939
5,2,0,8707,769,769,2,0,0,0,0,0,0,5601,0,0,0,0,0,7244,0,12435,1395,0,114,22,22,0,0,1,0,978
4,5,3,6242,0,4378,2,1,0,1,0,0,0,6993,0,0,0,0,0,4364,0,13386,6676,0,7,2,42,0,11,1,1,978
2,3,3,8706,285,285,2,0,0,0,1,0,0,6543,0,0,0,0,0,11274,0,7264,382,0,145,10,44,0,7,1,2,978
3,7,5,6695,2840,2840,0,1,0,0,0,0,1,7859,0,0,0,0,0,10196,0,8035,1696,0,132,7,0,0,13,1,3,978
1,3,10,5592,477,477,0,0,0,0,0,0,0,5542,0,0,0,0,0,6646,0,6482,265,0,27,24,0,0,18,1,4,978
5,2,2,9442,1063,1063,3,0,0,0,0,0,0,7501,0,0,0,0,0,10053,0,10862,1607,0,128,32,53,0,16,1,0,1240
1,10,6,10637,0,14726,2,1,2,0,0,0,0,10765,0,0,1,0,0,13228,357,19860,10594,0,19,11,33,0,19,1,1,1240
4,4,2,10745,4957,4957,3,0,0,0,0,0,0,7826,0,0,0,0,0,8473,0,9689,748,220,160,4,96,0,6,1,2,1240
2,6,5,6690,2276,3924,3,0,0,0,0,0,0,8391,0,0,0,0,0,15800,0,10973,2173,0,132,0,47,0,18,1,3,1240
3,2,10,6465,71,684,3,0,0,0,0,0,0,6152,0,0,0,0,0,8266,3461,3799,3341,2992,2,16,49,0,24,1,4,1240
1,13,5,23832,9405,9405,9,2,0,0,1,0,0,19632,1,0,0,0,0,41484,0,66667,14403,0,272,14,372,1,27,0,0,2612
4,6,12,21471,0,31396,10,0,2,1,0,0,0,15967,1,0,0,0,0,22519,1647,60459,25849,0,32,18,284,0,27,0,1,2612
3,9,9,21307,8399,34272,8,0,3,0,0,0,1,17308,1,0,0,0,0,37179,0,77721,21495,262,237,87,358,0,27,0,2,2612
5,10,8,18503,482,29557,4,1,0,0,0,0,0,16648,0,0,0,0,0,21296,0,40572,14665,1745,196,6,128,0,46,0,3,2612
2,3,17,15662,362,3892,8,0,0,0,0,0,0,11963,1,0,1,0,0,11320,3297,34122,52177,33896,15,60,335,0,103,0,4,2612
5,5,2,12305,1734,6640,6,1,2,0,0,0,0,9375,0,0,0,0,0,13532,0,22631,5278,0,126,72,139,0,11,1,0,1543
4,5,8,11247,475,13541,6,0,1,0,0,0,0,9971,0,0,0,0,0,9852,188,22275,9832,0,9,13,126,0,24,1,1,1543
3,8,10,12934,2435,10915,3,0,0,0,0,0,0,10207,0,0,0,0,0,23023,0,16628,2445,0,127,23,77,0,17,1,2,1543
1,11,9,11019,6161,31875,2,3,0,0,0,0,0,12927,0,0,0,0,0,20675,0,6154,3633,652,180,18,14,0,15,1,3,1543
2,2,17,9159,745,3658,3,0,0,0,0,0,0,7508,0,0,0,0,0,7841,893,12394,633,0,37,43,32,0,67,1,4,1543
1,7,9,19329,10284,14850,10,0,0,0,1,0,0,16627,0,0,0,0,0,41105,0,40373,12597,0,248,12,433,0,19,0,0,2172
5,9,5,16553,740,23498,11,0,2,0,0,0,0,13155,0,0,0,0,0,17089,0,42727,13056,0,27,23,388,0,9,0,1,2172
4,9,4,17206,1285,1721,12,0,0,0,0,0,0,14099,0,0,0,0,0,33102,0,37755,2134,0,206,30,489,0,15,0,2,2172
2,16,7,17396,4642,33513,6,3,1,0,0,0,0,17464,0,0,0,0,0,37616,0,22956,6272,455,228,37,170,0,26,0,3,2172
3,1,25,14560,3382,15801,11,0,0,0,0,0,0,10459,0,0,0,0,0,11470,4081,33854,7820,2358,44,54,345,0,72,0,4,2172
3,2,4,11366,2425,3063,7,0,0,0,0,0,0,9444,0,0,0,0,0,14787,0,16056,595,0,199,8,132,0,26,0,0,1648
5,3,2,10269,497,11285,4,0,0,0,0,1,0,9573,0,0,0,0,0,4581,0,22938,9843,0,21,6,113,0,16,0,1,1648
4,2,5,10530,24,24,9,0,0,0,0,0,0,7621,0,0,0,0,0,12641,0,22651,1718,0,147,3,230,0,8,0,2,1648
1,10,4,11944,3085,3085,3,0,0,0,0,0,1,13106,0,0,0,0,0,24481,0,16283,776,0,209,28,85,0,13,0,3,1648
2,2,10,8727,184,184,7,0,0,0,0,1,0,7275,0,0,0,0,0,8157,663,18264,814,0,30,53,152,0,56,0,4,1648
2,9,2,17277,5341,13149,7,1,0,0,0,0,0,13617,0,0,0,0,0,22226,0,29554,11136,0,242,12,202,0,15,0,0,1895
1,7,8,13413,0,23095,6,0,1,0,1,0,0,12922,0,0,0,0,0,13451,2024,32281,13192,0,29,12,133,0,11,0,1,1895
4,4,3,11568,247,831,8,0,0,0,0,0,0,8899,0,0,0,0,0,10320,193,20835,1174,556,109,24,266,0,23,0,2,1895
5,3,5,11456,3012,8825,4,0,1,0,0,0,0,11613,0,0,0,0,0,12114,0,16244,2132,0,226,24,139,0,22,0,3,1895
3,0,9,10724,996,5667,6,0,0,0,0,0,0,6800,0,0,0,0,0,5778,4105,16333,8646,5272,16,14,189,0,51,0,4,1895
1,14,3,22859,15504,21284,5,1,0,0,0,1,0,19490,1,1,0,0,0,55803,0,33704,13350,0,289,16,195,0,19,1,0,1987
5,2,16,17022,976,42697,8,0,2,0,0,0,1,13115,1,0,0,0,0,16870,0,41249,18228,0,17,219,205,0,21,1,1,1987
2,10,6,17566,2736,8414,6,0,0,0,1,0,0,14093,1,1,0,0,0,22916,0,24634,2578,0,199,1,236,0,14,1,2,1987
4,5,3,13756,4236,14949,5,0,0,0,0,0,0,12181,0,1,0,0,0,26754,0,19746,3334,0,172,8,172,0,14,1,3,1987
3,0,10,11492,666,6406,4,0,0,0,0,0,0,7481,0,0,0,0,0,5617,4140,14443,8148,5627,16,13,152,0,44,1,4,1987
1,4,4,17756,8399,14284,7,0,0,0,0,1,0,14703,0,0,0,0,0,29580,0,27342,7172,0,260,9,290,0,22,0,0,2146
3,6,3,15937,409,27115,7,0,2,0,1,0,1,14056,0,0,0,0,0,18788,1370,50777,22030,0,35,16,292,0,26,0,1,2146
2,5,0,19254,2288,2288,9,0,0,0,0,0,0,14183,0,0,0,0,0,28360,0,42067,7028,0,280,5,309,0,41,0,2,2146
5,2,6,13814,2153,4872,6,0,0,1,0,0,0,12357,0,0,0,0,0,13795,0,20718,5314,1044,239,23,197,0,17,0,3,2146
4,1,5,11833,57,962,5,0,0,1,0,0,0,7608,0,0,0,0,0,5579,2574,21474,2000,611,39,27,141,0,99,0,4,2146
4,2,4,15648,2389,18044,6,0,0,0,0,0,0,10451,0,0,0,0,0,20216,0,42358,14597,0,221,11,191,0,14,0,0,1842
2,7,2,10804,0,22521,6,0,2,0,0,0,0,10466,0,0,0,0,0,12493,759,38546,15197,0,15,20,179,0,22,0,1,1842
1,8,3,15283,2599,6301,7,1,0,0,0,0,0,12601,0,0,0,0,0,28005,0,23522,4273,0,221,24,166,0,13,0,2,1842
5,2,2,11159,0,4758,4,0,0,0,0,0,0,10204,0,0,0,0,0,8493,0,18675,3197,0,211,4,65,0,15,0,3,1842
3,0,11,10641,0,703,2,0,0,0,0,0,0,6450,0,0,0,0,0,9078,7141,5250,8550,7605,2,20,53,0,31,0,4,1842
2,1,3,11480,0,1179,2,0,0,0,0,0,0,6887,0,0,0,0,0,5991,0,23320,9453,0,131,13,41,0,5,0,0,1358
3,5,3,8793,0,7298,11,1,0,0,0,0,0,7775,0,0,0,0,0,11220,0,26578,9711,0,24,18,245,0,17,0,1,1358
4,3,2,9661,0,0,8,0,0,0,0,0,0,6932,0,0,0,0,0,9375,0,15970,180,0,120,7,224,0,10,0,2,1358
1,6,3,8575,1581,5838,8,0,0,0,0,0,0,8389,0,0,0,0,0,10813,0,16288,2638,115,131,16,203,0,5,0,3,1358
5,2,4,6682,945,1774,13,0,0,0,0,0,0,6382,0,0,0,0,0,10918,0,19785,178,0,43,13,272,0,24,0,4,1358
1,1,1,11138,559,5438,4,0,0,0,0,0,0,7270,0,0,0,0,0,8728,0,16045,2195,0,171,6,82,0,13,0,0,1304
4,1,0,8369,81,4537,6,0,0,0,0,0,0,7331,0,0,0,0,0,5892,0,22101,10176,707,16,6,104,0,13,0,1,1304
5,3,0,9583,887,887,12,0,0,0,0,0,0,7920,0,0,0,0,0,15011,0,26446,4152,0,166,15,276,0,20,0,2,1304
2,0,1,8233,0,0,3,0,0,0,0,0,0,6555,0,0,0,0,0,3242,0,9750,1254,0,145,6,81,0,12,0,3,1304
3,1,0,6110,0,0,3,0,0,0,0,0,0,4769,0,0,0,0,0,3011,0,10102,63,0,26,20,55,0,28,0,4,1304
2,13,7,20761,11507,14245,7,1,0,1,0,0,1,16782,1,1,0,0,0,45682,0,50681,27110,4977,207,26,227,0,27,1,0,2084
3,6,13,17929,371,43515,4,0,3,0,1,0,0,15057,0,1,0,0,0,10117,0,27822,12149,0,36,23,156,0,25,1,1,2084
1,18,8,22715,9441,22179,5,4,1,0,0,0,0,20762,1,1,0,0,1,55419,0,17843,289,0,252,30,211,1,55,1,2,2084
5,6,6,14561,3592,30329,5,0,0,0,0,0,0,14324,1,1,0,0,0,11559,0,19745,6579,819,225,0,125,0,17,1,3,2084
4,2,11,13102,823,4285,3,1,0,0,0,0,0,9594,0,1,0,0,0,7773,653,15892,1222,0,45,42,55,0,91,1,4,2084
5,2,5,11836,7277,9355,5,0,0,0,0,0,0,9567,1,1,0,0,0,19962,0,17789,4964,0,166,7,149,0,11,1,0,1471
4,2,12,10623,0,10944,6,0,1,1,0,0,0,8621,0,0,0,0,0,11396,0,24358,9815,0,23,19,151,0,23,1,1,1471
3,4,9,11696,1324,6393,3,0,0,0,0,0,0,8644,1,1,0,0,0,16833,0,18571,1846,0,139,39,79,0,24,1,2,1471
1,16,2,10492,9165,19891,2,3,0,1,0,0,1,14072,1,1,0,0,0,27282,0,10503,3191,450,128,20,67,1,22,1,3,1471
2,1,18,8572,2474,4928,5,0,0,0,1,0,0,7916,1,1,0,0,0,14347,4523,13631,755,0,18,35,111,0,55,1,4,1471
2,3,5,13400,5737,10213,8,0,0,0,0,0,0,11418,0,0,0,0,0,18283,63,34521,2501,0,169,37,285,0,13,0,0,1799
3,7,3,11993,0,6488,14,0,0,1,0,0,0,11709,0,0,0,0,0,17710,0,42766,13033,0,25,14,403,0,7,0,1,1799
1,11,2,15256,0,0,9,0,0,0,1,0,0,14062,0,0,0,0,0,31252,0,26799,145,0,187,28,278,0,16,0,2,1799
5,3,5,10507,4152,12770,8,0,0,1,0,0,0,10535,0,0,0,0,0,8832,0,22626,5313,642,172,7,220,0,15,0,3,1799
4,3,6,9874,436,436,6,0,0,1,0,0,0,7619,0,0,0,0,0,4194,2436,17651,8661,5394,21,12,212,0,54,0,4,1799
2,11,4,21674,8762,20620,12,1,0,0,0,0,0,17475,1,0,0,0,0,39856,0,40811,10000,0,201,50,439,0,30,0,0,2495
3,13,8,20760,3237,24758,9,0,2,0,0,0,0,18699,1,0,0,0,0,32123,635,46550,17326,0,67,21,352,0,26,0,1,2495
1,21,10,22406,1428,2794,8,1,0,0,0,0,0,18438,0,0,0,0,0,54545,0,45915,10859,0,177,2,239,0,17,0,2,2495
4,9,15,21414,4664,9305,15,0,0,0,0,0,0,15963,2,0,0,0,0,36041,0,76951,17068,0,187,27,486,0,22,0,3,2495
5,13,14,14865,2751,12488,14,2,0,0,0,0,0,15582,1,0,0,0,0,31436,0,31599,6497,675,43,29,371,0,112,0,4,2495
1,7,5,17282,722,722,7,0,0,0,0,0,0,12293,0,0,0,0,0,35854,0,41520,14301,0,186,30,224,0,20,0,0,2002
5,8,5,12706,168,19458,14,1,0,0,0,0,0,11847,0,0,0,0,0,14103,0,35544,12511,2529,26,6,418,0,11,0,1,2002
4,5,7,12349,1344,2871,14,0,0,0,0,0,0,10478,0,0,0,0,0,15304,0,31847,1185,0,117,16,410,0,32,0,2,2002
2,10,9,11649,4504,7926,5,0,0,0,1,0,0,14053,0,0,0,0,0,34971,0,22547,3618,655,174,32,177,0,18,0,3,2002
3,2,18,11576,1726,2126,3,0,0,1,0,1,0,9415,0,0,0,0,0,4742,5268,16482,13261,8623,26,16,128,0,77,0,4,2002
1,15,6,19834,6584,24098,5,2,1,0,0,0,0,17116,1,1,0,0,0,35215,0,31977,10377,0,221,15,181,0,38,1,0,2017
5,4,14,17458,1443,36578,9,0,2,0,0,1,0,13650,1,1,0,0,0,19659,0,48128,22801,0,33,20,321,0,27,1,1,2017
4,3,2,15898,7860,12042,6,0,0,0,0,0,1,12210,2,1,0,0,0,14181,0,25023,487,0,199,25,260,0,21,1,2,2017
3,12,12,15827,4799,25442,9,2,0,0,0,0,0,15334,2,1,0,0,0,33985,0,27587,8584,408,180,11,290,0,17,1,3,2017
2,9,18,15481,2997,15928,7,1,0,0,0,0,0,13473,1,1,0,0,0,27798,0,22652,86,0,42,44,241,0,70,1,4,2017
2,8,6,15629,5575,7989,1,0,0,0,0,0,0,10717,0,0,0,0,0,23224,0,17741,3004,0,166,31,10,0,19,1,0,1610
3,8,7,14881,1860,36405,4,0,2,0,0,0,0,13328,0,0,0,0,0,14758,0,23589,12498,0,18,12,95,0,24,1,1,1610
1,14,8,13954,1961,6809,1,0,0,0,0,0,0,11821,0,0,0,0,0,28035,0,13394,2434,0,143,17,21,0,16,1,2,1610
4,6,11,12417,3081,3081,5,0,0,0,0,0,0,9920,0,0,0,0,0,16918,0,18721,3803,0,143,15,157,0,12,1,3,1610
5,4,11,9297,1545,2650,4,1,0,0,0,0,0,7677,0,0,0,0,0,11926,0,10951,1818,0,31,27,57,0,46,1,4,1610
3,10,4,18339,7352,9439,2,1,0,0,0,0,0,15400,0,1,0,0,0,18030,0,24149,6367,0,242,27,76,0,29,1,0,1896
1,14,13,16186,3961,30285,6,2,3,0,1,0,0,15316,1,1,0,0,0,28257,0,38707,18525,0,34,21,209,0,31,1,1,1896
2,13,6,16578,1993,14085,8,2,0,1,0,0,0,13893,1,1,0,0,0,24162,0,39154,12207,0,162,26,281,0,24,1,2,1896
5,7,2,12618,5000,7676,8,0,0,0,0,0,0,11502,0,1,0,0,0,16137,0,17622,2856,596,177,6,256,0,23,1,3,1896
4,0,17,11138,1701,4444,4,0,1,0,0,0,0,8646,1,1,0,0,0,7343,3505,15218,3138,0,19,16,140,0,47,1,4,1896
3,5,6,16240,4651,7098,11,1,0,0,0,0,0,13278,0,0,0,0,0,34601,0,27137,859,0,238,25,449,0,21,0,0,2183
4,7,10,15511,235,11853,9,1,1,0,0,0,0,13035,0,0,0,0,0,17014,0,39775,11964,0,30,26,315,0,21,0,1,2183
1,12,16,19659,9981,12703,12,2,0,0,1,0,1,19191,1,0,0,0,0,43924,0,44271,10007,0,253,20,410,1,32,0,2,2183
3,8,8,14646,2214,2616,9,1,1,0,0,0,0,13798,0,0,1,0,0,24857,0,21529,2392,823,208,37,305,0,15,0,3,2183
5,1,12,11002,1025,1166,12,0,0,0,0,0,0,8308,0,0,0,0,0,17607,0,23936,220,0,21,37,339,0,63,0,4,2183
5,7,6,23959,10036,18532,11,1,0,0,0,0,0,19045,1,1,0,0,0,43216,0,46315,12193,2114,328,16,406,0,25,1,0,2595
1,15,12,21234,1617,37522,7,3,4,0,0,0,0,17629,0,1,0,0,0,39990,0,46122,20294,0,13,12,285,0,45,1,1,2595
4,4,9,25215,971,5156,4,0,0,0,0,0,0,16785,0,1,0,0,0,28559,0,33565,7974,0,334,1,186,0,29,1,2,2595
2,11,12,20452,6393,12361,6,0,0,0,1,0,0,19012,1,1,0,0,0,37079,0,28566,11630,1084,272,40,295,0,22,1,3,2595
3,5,17,17731,4997,8925,8,0,0,1,0,0,0,12873,2,1,0,0,0,29758,0,27112,2254,0,70,49,345,0,88,1,4,2595
3,3,10,15302,655,760,9,0,0,0,0,0,0,10106,0,0,0,0,0,34241,3418,47557,5425,0,151,66,302,0,11,0,0,2010
3,11,9,14683,129,21319,6,1,1,0,0,0,1,14753,0,0,0,0,0,21674,0,31031,12877,0,8,21,182,0,21,0,1,2010
5,5,9,15337,7287,9276,6,0,0,0,0,0,0,14603,1,0,0,0,0,24243,0,26684,4300,0,190,4,221,0,20,0,2,2010
4,6,2,14442,2355,8854,6,0,1,0,0,0,0,12819,0,0,1,0,0,11903,0,21926,6707,0,179,8,127,0,13,0,3,2010
2,10,3,11673,104,2039,6,1,0,0,0,0,0,10388,0,0,0,0,0,21846,0,21456,4750,0,17,11,171,0,66,0,4,2010
5,6,8,16120,2763,8652,9,0,0,0,0,0,0,11492,1,0,0,0,0,20409,0,31798,9062,0,169,6,196,0,16,1,0,1841
1,18,18,19703,2786,38820,3,1,2,0,0,0,0,18105,0,0,0,0,0,30913,0,34374,15576,0,47,51,44,0,21,1,1,1841
3,5,14,14414,3759,8709,9,1,1,0,0,0,0,10807,1,1,0,0,0,20052,0,22130,1922,0,154,16,327,0,14,1,2,1841
2,21,11,17162,4988,24225,8,5,1,0,0,0,1,18479,2,1,0,0,0,50396,0,30455,8188,0,212,10,250,1,29,1,3,1841
4,1,33,14463,4221,8399,2,0,0,0,0,1,0,10088,1,1,0,0,0,7588,3296,12114,13647,8540,8,31,43,0,43,1,4,1841
3,7,12,24501,10745,18373,12,0,0,0,0,0,0,17802,1,0,0,0,0,32013,0,48130,13059,0,253,10,453,0,19,1,0,2479
2,8,20,23269,2713,45951,10,1,1,0,0,0,0,19036,1,0,0,0,0,48649,0,49232,16347,0,53,18,423,0,20,1,1,2479
4,12,8,21400,5559,9208,8,0,0,0,0,0,1,16418,2,0,0,0,0,20441,0,35799,4352,0,168,2,359,0,30,1,2,2479
1,23,12,25333,3925,35759,8,5,3,0,0,0,0,23921,1,0,0,0,0,47880,0,32742,12164,514,293,26,315,0,44,1,3,2479
5,6,20,16766,1383,4896,15,0,0,0,0,0,0,13846,1,0,0,0,0,17856,0,37358,3474,0,65,23,449,0,131,1,4,2479
2,8,14,17389,2505,10429,3,0,0,0,0,0,0,13502,0,0,0,0,0,19408,526,32398,12471,0,171,21,76,0,7,1,0,2054
3,4,20,17684,1460,33302,7,1,1,0,0,0,0,14425,0,0,0,0,0,20895,2304,38463,18361,0,44,29,207,0,48,1,1,2054
5,0,10,16773,7672,12403,9,0,0,0,0,0,0,11600,0,0,0,0,0,14709,0,27078,4998,0,177,23,237,0,22,1,2,2054
4,8,11,17099,3520,16585,7,1,2,0,0,0,0,13769,1,0,0,0,0,23669,0,36340,8480,276,231,100,194,0,21,1,3,2054
1,19,13,15018,2434,24842,6,4,1,0,0,0,0,15911,0,0,0,0,0,44487,2848,18530,19444,10164,9,42,123,2,69,1,4,2054
3,3,6,11982,5743,5975,2,0,0,0,0,0,0,9191,0,0,0,0,0,15019,0,19881,8567,0,146,30,53,0,14,1,0,1455
1,11,6,11942,0,33281,3,0,2,0,0,0,0,12191,0,0,0,0,0,15218,536,23213,13334,0,36,17,49,0,34,1,1,1455
5,4,5,8065,2211,2422,8,0,0,0,0,0,0,8079,0,0,0,0,0,10798,0,15678,110,0,85,3,210,0,17,1,2,1455
2,8,6,11018,5396,8096,3,1,0,0,1,0,1,11958,0,0,0,0,0,17554,0,9852,2284,492,198,18,57,0,16,1,3,1455
4,3,11,6712,2839,7249,2,0,0,1,0,1,0,8175,0,0,0,0,0,12049,1964,7034,688,0,26,23,52,0,56,1,4,1455
3,6,7,14851,6950,9536,6,0,0,0,0,0,0,12490,3,0,0,0,0,21522,0,28854,8435,0,169,38,152,0,14,1,0,1721
4,11,5,13559,763,39391,5,1,4,0,0,0,0,12718,2,0,1,0,0,16643,718,32478,19948,0,16,15,62,0,51,1,1,1721
2,8,4,15497,7761,10209,2,0,0,0,0,0,0,12940,3,0,0,0,0,19204,0,14615,1660,0,207,10,59,0,19,1,2,1721
1,10,6,12283,5117,15095,2,1,0,0,0,1,0,13216,1,0,0,0,0,18746,0,10568,3158,617,169,14,30,0,23,1,3,1721
5,2,16,9808,1431,13171,4,1,0,0,0,0,0,8916,1,0,0,0,0,14228,1756,12710,2788,0,14,48,73,0,71,1,4,1721
3,4,5,16185,4429,5880,11,0,0,0,0,0,0,12453,0,0,0,0,0,15349,0,36930,9588,1789,181,45,373,0,25,0,0,2170
1,7,8,17588,127,19515,7,0,2,0,0,0,0,15877,0,0,1,0,0,31500,0,39397,18515,0,78,29,209,0,51,0,1,2170
4,9,4,20169,7741,17111,8,0,0,0,0,0,0,15162,0,0,0,0,0,22805,0,33011,5130,0,195,26,345,0,19,0,2,2170
5,3,3,13565,2616,8319,10,0,0,0,0,0,0,12183,0,0,0,0,0,15245,0,24315,4344,1208,188,6,309,0,12,0,3,2170
2,4,10,13342,423,4364,6,0,0,0,0,0,0,11103,0,0,0,0,0,14755,3206,19167,1208,0,74,29,196,0,81,0,4,2170
4,6,7,13459,3357,4237,8,1,0,0,0,0,0,12284,0,0,0,0,0,23537,0,27448,2965,0,155,17,269,0,21,0,0,1913
2,6,13,15455,0,24149,5,0,3,0,0,0,0,13032,0,0,0,0,0,19130,0,35712,14253,0,45,20,172,0,24,0,1,1913
1,14,10,15000,806,4754,6,3,0,0,1,0,0,13379,0,0,0,0,0,30096,0,24925,1758,0,181,56,249,2,27,0,2,1913
5,3,7,12297,2823,5568,4,1,0,0,0,0,0,9743,0,0,0,0,0,10971,0,19989,3722,455,147,5,165,0,13,0,3,1913
3,9,10,11779,724,2333,12,0,0,0,0,0,0,11687,0,0,0,0,0,17570,0,33083,6426,0,92,14,362,0,57,0,4,1913
